﻿Designator,Footprint,Quantity,Value,LCSC Part #
C1,CP_Axial_L10.0mm_D4.5mm_P15.00mm_Horizontal,1,0.1u,
"CONNIN1, CONNOUT1",PinHeader_1x05_P2.54mm_Vertical,2,Conn_01x05_Pin,
"JSTIN1, JSTOUT1",PinHeader_1x05_P1.00mm_Vertical,2,Conn_01x05_Socket,
"R1, R2, R3, R4, R5, R6, R7, R8",R_Axial_DIN0207_L6.3mm_D2.5mm_P10.16mm_Horizontal,8,10K,
"SW1, SW2, SW3, SW4, SW5, SW6, SW7, SW8",SW_PUSH_6mm_4Pin,8,SW_Push_Dual,
SW9,SW_Slide-03_Wuerth-WS-SLTV_10x2.5x6.4_P2.54mm,1,SW_SPDT,
U1,DIP-16_W10.16mm,1,74HC165,
