﻿Designator,Footprint,Quantity,Value,LCSC Part #
C1,0201,1,0.1u,
"CONNIN1, CONNOUT1, solder_in1, solder_out1",PinHeader_1x05_P2.54mm_Vertical,4,Conn_01x05_Pin,
"JSTIN1, JSTOUT1, jst_in1, jst_out1",JST_SH_SM05B-SRSS-TB_1x05-1MP_P1.00mm_Horizontal,4,Conn_01x05_Socket,
"R1, R2, R3, R4, R5, R6, R7, R8",0201,8,10K,
"SW1, SW2, SW3, SW8, btn_4, btn_5, btn_6, btn_7",4.5 Push Button Switch JLCPCB,8,SW_Push_Dual,
SW9,SW_SPDT_PCM12,1,SW_SPDT,
U1,TSSOP-16-1EP_4.4x5mm_P0.65mm_EP3x3mm_ThermalVias,1,74HC165,
